{"cameraMode":{"drawMode":0,"name":"Shaded","section":"Shading Mode"},"sceneLighting":true,"audioPlay":false,"sceneViewState":{"m_AlwaysRefresh":false,"showFog":false,"showSkybox":true,"showFlares":false,"showImageEffects":true,"showParticleSystems":true,"showVisualEffectGraphs":true,"m_FxEnabled":true},"in2DMode":false,"pivot":{"x":0.0910310447216034,"y":0.27371907234191897,"z":-0.0019135475158691407},"rotation":{"x":0.2391139268875122,"y":0.01893293485045433,"z":-0.004663313739001751,"w":0.9707958102226257},"size":10.098105430603028,"orthographic":false}