{"cameraMode":{"drawMode":0,"name":"Shaded","section":"Shading Mode"},"sceneLighting":true,"audioPlay":false,"sceneViewState":{"m_AlwaysRefresh":false,"showFog":false,"showSkybox":true,"showFlares":false,"showImageEffects":true,"showParticleSystems":true,"showVisualEffectGraphs":true,"m_FxEnabled":true},"in2DMode":false,"pivot":{"x":-0.02964155375957489,"y":1.452897071838379,"z":-4.6738433837890629},"rotation":{"x":0.02741522528231144,"y":0.9719895124435425,"z":-0.1813950389623642,"w":0.14690162241458894},"size":15.788939476013184,"orthographic":true}