{"cameraMode":{"drawMode":0,"name":"Shaded","section":"Shading Mode"},"sceneLighting":true,"audioPlay":false,"sceneViewState":{"m_AlwaysRefresh":false,"showFog":false,"showSkybox":true,"showFlares":false,"showImageEffects":true,"showParticleSystems":true,"showVisualEffectGraphs":true,"m_FxEnabled":true},"in2DMode":false,"pivot":{"x":-6.09784460067749,"y":-1.4894757270812989,"z":-3.8549909591674806},"rotation":{"x":0.2531073987483978,"y":0.007255652919411659,"z":-0.0018983329646289349,"w":0.9674097299575806},"size":11.219863891601563,"orthographic":false}