{"cameraMode":{"drawMode":0,"name":"Shaded","section":"Shading Mode"},"sceneLighting":true,"audioPlay":false,"sceneViewState":{"m_AlwaysRefresh":false,"showFog":false,"showSkybox":true,"showFlares":false,"showImageEffects":true,"showParticleSystems":true,"showVisualEffectGraphs":true,"m_FxEnabled":true},"in2DMode":false,"pivot":{"x":0.08627432584762573,"y":-3.1931629180908205,"z":12.78217887878418},"rotation":{"x":0.14498648047447205,"y":-0.00296829454600811,"z":0.0004349611990619451,"w":0.9894289970397949},"size":12.289042472839356,"orthographic":false}